Meltpond_ID,xs_drift,ys_drift
1,-0.08209669639971828,-0.03599017032057425
1,0.003997091899714699,0.06084893584791517
