Meltpond_ID,xs_drift,ys_drift
2,-0.003364338763988,-0.0011289568158347
8,-0.0030855418375572,-0.0021733782513991
11,-0.0033804076924826,-0.0021300436441297
