Meltpond_ID,xs_drift,ys_drift
1,-0.0033318822036488,-0.0022260103387474
2,-0.003364338763988,-0.0011289568158347
16,-0.0032764142444097,-0.0020391152865537
17,-0.0034111447468683,-0.0011271422812009
