Meltpond_ID,xs_drift,ys_drift
1,-0.0032789476751865,-0.002193663623922
4,-0.0357559457351875,0.1278010747241799
5,-0.0292332970359325,0.130843317304211
