Meltpond_ID,xs_drift,ys_drift
1,0.14823941817535666,0.0027094129145866282
2,0.11740186627948099,0.00577195984360159
3,0.1148140429121191,-0.013896480420538928
4,0.11916113381434203,-0.056173470767425966
5,0.11511615646615081,-0.05593121406480897
6,0.1069656369477095,-0.06614753991482285
