Meltpond_ID,xs_drift,ys_drift
2,0.0366290476978542,0.1689770350961814
3,0.0398691051317667,0.1710045598729167
5,-0.0033267268829022,0.1446522747334944
