Meltpond_ID,xs_drift,ys_drift
1,0.007412075782711,-0.0886656994316751
2,-0.0273451551301032,-0.132757413651111
4,0.0051360672103252,-0.089047544255989
