Meltpond_ID,xs_drift,ys_drift
1,-0.1673077298407631,-0.2286754502139367
2,-0.0033626838816626,0.003369993489071
3,-0.1717529903020516,-0.2342468376702802
4,-0.0033829116170041,0.0033685109932981
5,-0.1673077298407631,-0.2286754502139367
6,-0.1673077298407631,-0.2286754502139367
7,-0.0033626838816626,0.003369993489071
8,-0.1717529903020516,-0.2342468376702802
9,-0.1717529903020516,-0.2342468376702802
10,-0.1717529903020516,-0.2342468376702802
